8011,"Cox Bay",8001,49,-126.25
96373,"Makenzie Beach",8001,49,-126.25
8009,"Wickaninnish",8001,49,-126.25
8008,"Long Beach",8001,49,-126.25
8007,"Rosie's Bay",8001,49,-126.25
25050,"Fossil Beach",3843,56.875,-135.965
53807,"Kodiak, Alaska",3843,56.875,-135.965
25052,"Cannon Beach",3843,56.875,-135.965
25053,"The Wall",3843,56.875,-135.965
5068,"La Push",2137,47.458,-124.893
5067,"Westport/Olympic Peninsula",2137,47.458,-124.893
5066,"Long Beach Peninsula",2137,47.458,-124.893
5077,"Cannon Beach",2138,44.8714,-124.673
5076,"Rockaway-Manzanita",2138,44.8714,-124.673
5075,"Pacific City",2138,44.8714,-124.673
4186,"Roads End",2138,44.8714,-124.673
5074,"Lincoln City",2138,44.8714,-124.673
5073,"Newport",2138,44.8714,-124.673
5072,"Florence South Jetty",2138,44.8714,-124.673
5071,"Port Orford",2138,44.8714,-124.673
5070,"Gold Beach South Jetty",2138,44.8714,-124.673
5069,"Brookings Jetty",2138,44.8714,-124.673
47668,"Oceanside, OR",2138,44.8714,-124.673
5088,"South Beach",2139,40.267,-124.391
5087,"Patricks Point",2139,40.267,-124.391
5086,"Westhaven",2139,40.267,-124.391
5084,"Humboldt Harbor Entrance",2139,40.267,-124.391
5085,"North Jetty",2139,40.267,-124.391
5083,"Shelter Cove",2139,40.267,-124.391
39047,"SE Papa",2139,40.267,-124.391
5542,"Westport",2947,39.419,-123.904
5543,"MacKerricher",2947,39.419,-123.904
95156,"Caspar Beach",2947,39.419,-123.904
5544,"Mendocino Township",2947,39.419,-123.904
5545,"Point Arena",2947,39.419,-123.904
5098,"Black Point Beach",2948,38.501,-123.437
5097,"Russian Rivermouth",2948,38.501,-123.437
5096,"Salmon Creek",2948,38.501,-123.437
5095,"Doran Beach",2948,38.501,-123.437
64347,"Dillon Beach",2949,37.968,-123.085
5093,"Point Reyes (north)",2949,37.968,-123.085
5091,"Bolinas Jetty",2949,37.968,-123.085
5090,"Stinson Beach",2949,37.968,-123.085
5089,"Fort Cronkite/Rodeo Beach",2949,37.968,-123.085
5015,"Fort Point",2957,37.75,-122.66
4127,"Ocean Beach, SF",2957,37.75,-122.66
4128,"South Ocean Beach",2957,37.75,-122.66
5017,"Sharp Park",2957,37.75,-122.66
5014,"Rockaway",2957,37.75,-122.66
5013,"Pacifica/Lindamar",2957,37.75,-122.66
5012,"Pedro Point",2957,37.75,-122.66
5011,"Montara",2957,37.75,-122.66
4152,"Maverick's",2957,37.75,-122.66
5008,"Princeton Jetty",2957,37.75,-122.66
5007,"Half Moon Bay",2957,37.75,-122.66
5005,"Tunitas Creek",2957,37.75,-122.66
5018,"Pescadero",2957,37.75,-122.66
5019,"Pigeon Point",2957,37.75,-122.66
5020,"Ano Nuevo",2957,37.75,-122.66
5021,"Waddell Creek",2958,36.942,-122.063
5022,"Scott Creek",2958,36.942,-122.063
5024,"Davenport",2958,36.942,-122.063
5023,"Four Mile",2958,36.942,-122.063
5027,"Natural Bridges",2958,36.942,-122.063
5028,"Mitchell's Cove",2958,36.942,-122.063
4188,"Steamer Lane",2958,36.942,-122.063
76957,"Steamer Lane Overview",2958,36.942,-122.063
4189,"Cowells",2958,36.942,-122.063
5031,"The Harbor",2958,36.942,-122.063
5030,"26th Ave",2958,36.942,-122.063
4190,"Pleasure Point",2958,36.942,-122.063
4191,"38th Ave.",2958,36.942,-122.063
10763,"Capitola",2958,36.942,-122.063
5036,"Manresa",2958,36.942,-122.063
108024,"The Hook",2958,36.942,-122.063
6063,"Moss Landing",2959,36.578,-122.064
4957,"Marina State Beach",2959,36.578,-122.064
6008,"Lover's Point",2959,36.578,-122.064
6006,"Boneyard",2959,36.578,-122.064
6009,"Asilomar",2959,36.578,-122.064
6007,"Mole Point",2959,36.578,-122.064
6059,"Ghost Tree",2959,36.578,-122.064
6003,"Carmel Beach",2959,36.578,-122.064
6005,"Big Sur Rivermouth",2959,36.578,-122.064
6002,"Sand Dollar Beach",2959,36.578,-122.064
6010,"Willow Creek",2959,36.578,-122.064
5053,"Pico Creek",2962,35.25,-121.5
5051,"San Simeon",2962,35.25,-121.5
5054,"Moonstone",2962,35.25,-121.5
5055,"Santa Rosa Creek",2962,35.25,-121.5
5057,"Cayucos Pier",2962,35.25,-121.5
4193,"Morro Bay",2962,35.25,-121.5
5060,"Cable Landing",2962,35.25,-121.5
5064,"Avila Beach",2962,35.25,-121.5
66211,"Shell Beach",2962,35.25,-121.5
5065,"Pismo Beach Pier",2962,35.25,-121.5
5043,"Surf Beach",2963,34.41,-120.504
5038,"Jalama",2963,34.41,-120.504
5039,"Point Conception",2963,34.41,-120.504
4991,"Refugio",2141,34.374,-119.571
4993,"El Capitan",2141,34.374,-119.571
4994,"Sands",2141,34.374,-119.571
4995,"Coal Oil Point",2141,34.374,-119.571
4997,"Campus Point",2141,34.374,-119.571
4990,"Leadbetter",2141,34.374,-119.571
4998,"Sandspit",2141,34.374,-119.571
4999,"Hammond's",2141,34.374,-119.571
5001,"Carpinteria State Beach",2141,34.374,-119.571
5000,"Tarpits",2141,34.374,-119.571
4197,"Rincon",2141,34.374,-119.571
4985,"Mussel Shoals (aka Little Rincon)",2952,34.23,-119.329
4961,"Oil Piers",2952,34.23,-119.329
4960,"Stanley's",2952,34.23,-119.329
4981,"Pitas Point",2952,34.23,-119.329
49737,"Mondos",2952,34.23,-119.329
4989,"Solimar",2952,34.23,-119.329
4198,"Gold Coast Beachbreaks",2952,34.23,-119.329
4988,"Summer Beach",2952,34.23,-119.329
4980,"Emma Wood",2952,34.23,-119.329
4982,"Ventura Overhead",2952,34.23,-119.329
89981,"Ventura Point",2952,34.23,-119.329
4200,"C Street",2952,34.23,-119.329
4201,"Ventura Harbor",2952,34.23,-119.329
4968,"Oxnard",2952,34.23,-119.329
4203,"County Line",2142,34.034,-118.935
4953,"Leo Carrillo",2142,34.034,-118.935
4949,"Zuma",2142,34.034,-118.935
4947,"Point Dume",2142,34.034,-118.935
4944,"Latigo Point",2142,34.034,-118.935
4209,"Malibu",2142,34.034,-118.935
4210,"Topanga",2142,34.034,-118.935
4940,"Chart House",2142,34.034,-118.935
4883,"Sunset Blvd",2142,34.034,-118.935
4886,"Santa Monica Pier",2951,33.899,-118.54
4211,"Venice Beach",2951,33.899,-118.54
4895,"Dockweiler State Beach",2951,33.899,-118.54
4896,"Shitpipe",2951,33.899,-118.54
4900,"El Porto",2951,33.899,-118.54
4901,"Manhattan Beach",2951,33.899,-118.54
4902,"Hermosa Beach",2951,33.899,-118.54
4912,"Redondo Breakwater",2951,33.899,-118.54
4910,"Torrance Beach/Haggerty's",2951,33.899,-118.54
4936,"PV Cove",2951,33.899,-118.54
4935,"Lunada Bay",2951,33.899,-118.54
4931,"Cabrillo Beach",2951,33.899,-118.54
4217,"Seal Beach",2143,33.5,-118
4865,"South Side/13th Street",2143,33.5,-118
4867,"Surfside",2143,33.5,-118
4219,"Anderson Street",2143,33.5,-118
4868,"Bolsa Chica State Beach",2143,33.5,-118
103685,"Bolsa Chica Overview",2143,33.5,-118
4870,"Goldenwest",2143,33.5,-118
4871,"17th Street",2143,33.5,-118
4223,"HB Pier, Northside",2143,33.5,-118
4874,"HB Pier, Southside",2143,33.5,-118
58218,"HB Waterfront Overview",2143,33.5,-118
103681,"Huntington State Beach",2143,33.5,-118
4875,"Santa Ana River Jetties",2143,33.5,-118
43103,"West Newport",2143,33.5,-118
4876,"54th/56th St. Newport",2143,33.5,-118
4225,"40 St. Newport",2143,33.5,-118
4226,"36th St. Newport",2143,33.5,-118
53412,"Blackies",2143,33.5,-118
4227,"Newport Pier",2143,33.5,-118
4877,"Newport Point",2143,33.5,-118
4232,"The Wedge",2143,33.5,-118
4879,"Corona del Mar",2143,33.5,-118
46525,"Crystal Cove",2143,33.5,-118
4860,"Rockpile",2950,33.456,-117.747
4857,"Thalia Street",2950,33.456,-117.747
4856,"Brooks Street",2950,33.456,-117.747
4855,"Aliso Creek",2950,33.456,-117.747
4233,"Salt Creek",2950,33.456,-117.747
4849,"Strands",2950,33.456,-117.747
4848,"Doheny State Beach",2950,33.456,-117.747
4235,"T-Street",2950,33.456,-117.747
4843,"San Clemente State Beach",2950,33.456,-117.747
4737,"Cottons",2950,33.456,-117.747
4738,"Upper Trestles",2950,33.456,-117.747
4740,"Lower Trestles",2950,33.456,-117.747
4739,"Middles",2950,33.456,-117.747
4741,"Church",2950,33.456,-117.747
106106,"San Onofre",2950,33.456,-117.747
4237,"San Onofre State Beach",2950,33.456,-117.747
4736,"Trails",2950,33.456,-117.747
4238,"Oceanside Harbor",2144,33.071,-117.363
4241,"Oceanside Pier NS",2144,33.071,-117.363
68366,"Oceanside Pier SS",2144,33.071,-117.363
4242,"Tamarack",2144,33.071,-117.363
4775,"Terra Mar Point",2144,33.071,-117.363
4773,"Ponto",2144,33.071,-117.363
4771,"Grandview",2144,33.071,-117.363
4772,"Beacons",2144,33.071,-117.363
4770,"Moonlight Beach",2144,33.071,-117.363
4792,"D Street",2144,33.071,-117.363
4789,"Swami's",2144,33.071,-117.363
4790,"Pipes",2144,33.071,-117.363
4791,"San Elijo",2144,33.071,-117.363
4786,"Cardiff",2144,33.071,-117.363
4787,"Seaside Reef",2144,33.071,-117.363
4785,"Del Mar Rivermouth",2144,33.071,-117.363
4784,"Del Mar Beachbreak",2144,33.071,-117.363
4783,"Del Mar",2144,33.071,-117.363
107951,"Torrey Pines State Beach",2953,32.829,-117.334
4245,"Blacks",2953,32.829,-117.334
4246,"Scripps",2953,32.829,-117.334
4812,"La Jolla Shores",2953,32.829,-117.334
4247,"Horseshoe",2953,32.829,-117.334
4248,"Windansea",2953,32.829,-117.334
4249,"Birdrock",2953,32.829,-117.334
4803,"PB Point",2953,32.829,-117.334
4804,"Old Man's/Tourmaline",2953,32.829,-117.334
4250,"Pacific Beach",2953,32.829,-117.334
4252,"Mission Beach",2953,32.829,-117.334
4253,"Ocean Beach, SD",2953,32.829,-117.334
4254,"Sunset Cliffs",2953,32.829,-117.334
4816,"Coronado Beach",2953,32.829,-117.334
4255,"Imperial Pier NS",2953,32.829,-117.334
4256,"Imperial Pier SS",2953,32.829,-117.334
4814,"Tijuana Slough",2953,32.829,-117.334
8003,"Martinique",8000,44.25,-63.25
8002,"Seaforth Left Point",8000,44.25,-63.25
8004,"Seaforth Right Point",8000,44.25,-63.25
8006,"Minutes",8000,44.25,-63.25
8005,"Osbourne",8000,44.25,-63.25
72738,"Fort Wilkins State Park",71761,43.7,-87.1
72739,"Trails End Bay",71761,43.7,-87.1
72740,"Charlevoix",71761,43.7,-87.1
72741,"Sleeping Bear Dunes",71761,43.7,-87.1
72742,"Empire Beach",71761,43.7,-87.1
72743,"Frankfort Beach",71761,43.7,-87.1
72745,"Elberta Beach",71761,43.7,-87.1
72756,"Orchard Beach",71761,43.7,-87.1
72757,"Manistee Pier",71761,43.7,-87.1
72759,"Ludington State Park",71761,43.7,-87.1
72760,"Charles Mears State Park",71761,43.7,-87.1
72761,"Silver Lake",71761,43.7,-87.1
72762,"White Lake Channel",71761,43.7,-87.1
72765,"Duck Lake",71761,43.7,-87.1
72766,"Pioneer Park",71761,43.7,-87.1
72767,"Muskegon",71761,43.7,-87.1
72775,"Norton Shores",71761,43.7,-87.1
72776,"Grandhaven",71761,43.7,-87.1
72778,"Port Sheldon",71761,43.7,-87.1
72779,"Holland Light House",71761,43.7,-87.1
72780,"Saugatuck Dunes",71761,43.7,-87.1
72781,"Oval Beach",71761,43.7,-87.1
72783,"South Haven North Beach",71761,43.7,-87.1
72785,"Van Buren State Park",71761,43.7,-87.1
72786,"Covert Park Beach",71761,43.7,-87.1
72787,"St. Joeseph North Beach",71761,43.7,-87.1
72788,"St. Joeseph South Beach",71761,43.7,-87.1
72789,"Warren Dunes",71761,43.7,-87.1
72790,"Gordon Beach",71761,43.7,-87.1
72791,"New Buffalo",71761,43.7,-87.1
72792,"Washington Park",71761,43.7,-87.1
72793,"Beverly Shores",71761,43.7,-87.1
72794,"Indiana Dunes",71761,43.7,-87.1
72795,"Porter Beach",71761,43.7,-87.1
72796,"Dunes Acres Beach",71761,43.7,-87.1
72797,"Ogden Dunes West Beach",71761,43.7,-87.1
72798,"Whiting",71761,43.7,-87.1
72800,"Promontory Point/57th Street Beach",71761,43.7,-87.1
72803,"Montrose Avenue",71761,43.7,-87.1
72806,"Dempster Street",71761,43.7,-87.1
72807,"Gilson Beach",71761,43.7,-87.1
72808,"Tower Road",71761,43.7,-87.1
72809,"Rosewood Beach",71761,43.7,-87.1
72810,"Lake Forest Beach",71761,43.7,-87.1
72811,"North Avenue Beach",71761,43.7,-87.1
72812,"Illinois State Beach",71761,43.7,-87.1
72813,"North Point Beach-Winthrop Harbor",71761,43.7,-87.1
72814,"Racine",71761,43.7,-87.1
72815,"Wind Point",71761,43.7,-87.1
72816,"Grant Park",71761,43.7,-87.1
72817,"McKinley Beach",71761,43.7,-87.1
72818,"Bradford Beach",71761,43.7,-87.1
72819,"Big Whitefish Bay",71761,43.7,-87.1
72820,"Port Washington",71761,43.7,-87.1
72821,"Harrington Beach",71761,43.7,-87.1
72822,"Kohler-Andrae State Park",71761,43.7,-87.1
72824,"North Point/The Elbow",71761,43.7,-87.1
72825,"Point Beach",71761,43.7,-87.1
72826,"Algoma",71761,43.7,-87.1
72827,"Rock Island",71761,43.7,-87.1
72828,"Garden Peninsula",71761,43.7,-87.1
72870,"Woodlawn",71765,42.275,-81.1
72871,"Hamburg Beach",71765,42.275,-81.1
72872,"Wendt Beach",71765,42.275,-81.1
72873,"Bennett Beach",71765,42.275,-81.1
72874,"Point Breeze",71765,42.275,-81.1
72875,"Evangola",71765,42.275,-81.1
72876,"Gratiot Point",71765,42.275,-81.1
72877,"Lake Erie State Park",71765,42.275,-81.1
72878,"Freeport",71765,42.275,-81.1
72879,"Presque Isle State Park",71765,42.275,-81.1
72880,"Conneaut Lighthouse Park",71765,42.275,-81.1
72881,"Walnut Beach",71765,42.275,-81.1
72882,"Saybrook",71765,42.275,-81.1
72883,"Geneva/Chestnut Beach",71765,42.275,-81.1
72884,"Headlands Beach",71765,42.275,-81.1
72885,"Overlook Beach Park",71765,42.275,-81.1
72886,"Metropark",71765,42.275,-81.1
72887,"Euclid Beach",71765,42.275,-81.1
72888,"Edgewater/Pinched Loaf",71765,42.275,-81.1
72889,"Bay Village-Huntington Beach",71765,42.275,-81.1
72890,"Avon Lake",71765,42.275,-81.1
72891,"Vermilion Main Street Beach",71765,42.275,-81.1
72892,"Nickel Plate Beach",71765,42.275,-81.1
72893,"Cedar Point",71765,42.275,-81.1
72894,"Marblehead Light House",71765,42.275,-81.1
72895,"Catawba",71765,42.275,-81.1
72896,"Luna Pier",71765,42.275,-81.1
72897,"Toledo Beach",71765,42.275,-81.1
72898,"Sterling State Park",71765,42.275,-81.1
72899,"Seacliffe Beach",71765,42.275,-81.1
72900,"Point Pelee",71765,42.275,-81.1
72901,"Wheatley",71765,42.275,-81.1
72902,"Rondeau",71765,42.275,-81.1
72903,"Duttona  Beach",71765,42.275,-81.1
72904,"Port Bruce",71765,42.275,-81.1
72905,"Port Burwell",71765,42.275,-81.1
72906,"Long Point (southwest beach)",71765,42.275,-81.1
72907,"Lake Erie Beach, Port Dover",71765,42.275,-81.1
72908,"Selkirk",71765,42.275,-81.1
72909,"South Cayuga",71765,42.275,-81.1
72910,"Rock Point",71765,42.275,-81.1
72911,"Nickel Beach",71765,42.275,-81.1
72912,"Wyldewood Beach",71765,42.275,-81.1
72914,"Pleasant Beach",71765,42.275,-81.1
72915,"Palmwood Point",71765,42.275,-81.1
5123,"Higgins Beach",20897,43.125,-70.5102
5126,"Scarborough Beach Park",20897,43.125,-70.5102
5127,"Old Orchard Beach",20897,43.125,-70.5102
5125,"Gooch's Beach",20897,43.125,-70.5102
5124,"Wells Beach",20897,43.125,-70.5102
5105,"Ogunquit",20897,43.125,-70.5102
5106,"York Beach",20897,43.125,-70.5102
5129,"Long Sands",20897,43.125,-70.5102
5117,"Straw's Point",20897,43.125,-70.5102
5122,"Sawyer's Beach",20897,43.125,-70.5102
5121,"Rye on the Rocks / 5-0's",20897,43.125,-70.5102
5116,"Fox Hill",20897,43.125,-70.5102
5118,"Plaice Cove",20897,43.125,-70.5102
5130,"The Wall",20897,43.125,-70.5102
5120,"The Main Beach",20897,43.125,-70.5102
5131,"Hampton",20897,43.125,-70.5102
4263,"Seabrook",20897,43.125,-70.5102
5114,"Nantasket Beach",107563,42.5,-70.5
5113,"Egypt Beach",107563,42.5,-70.5
108234,"Marconi Beach",2145,41.7506,-69.9234
108229,"Nauset Light Beach",2145,41.7506,-69.9234
108228,"Coast Guard Beach",2145,41.7506,-69.9234
108230,"Nauset Beach",2145,41.7506,-69.9234
5115,"Cape Cod",2145,41.7506,-69.9234
30174,"Nantucket",2145,41.7506,-69.9234
30239,"Martha's Vineyard",2145,41.7506,-69.9234
5111,"First Beach",20914,41,-71
5112,"Second Beach",20914,41,-71
5110,"Ruggles - Newport",20914,41,-71
4266,"Narragansett",20914,41,-71
5108,"Monahan's - Narragansett",20914,41,-71
5107,"Point Judith",20914,41,-71
41373,"Matunuck",20914,41,-71
9858,"Misquamicut State Beach",20914,41,-71
5142,"Ditch Plains",2146,40.75,-72.25
5146,"Poles",2146,40.75,-72.25
5141,"Trailer Park",2146,40.75,-72.25
5148,"Terrace",2146,40.75,-72.25
4268,"Montauk",2146,40.75,-72.25
5147,"Main Beach",2146,40.75,-72.25
77839,"East Hampton Beach",2146,40.75,-72.25
68789,"Coopers Beach",2146,40.75,-72.25
5140,"Flys",2146,40.75,-72.25
5139,"The Bowl",2146,40.75,-72.25
5149,"K Road",2146,40.75,-72.25
5138,"Cupsogue",2146,40.75,-72.25
5137,"Fire Island",2146,40.75,-72.25
5136,"Robert Moses",2146,40.75,-72.25
5135,"Gilgo Beach",2146,40.75,-72.25
5144,"West End",2146,40.75,-72.25
5132,"Lido Beach",2146,40.75,-72.25
5133,"Lincoln Blvd.",2146,40.75,-72.25
4269,"Lincoln",2146,40.75,-72.25
5150,"Laurelton Blvd.",2146,40.75,-72.25
5151,"30th - 39th Streets",2146,40.75,-72.25
4270,"Rockaway Beach (90th)",2146,40.75,-72.25
5152,"84th Street",2146,40.75,-72.25
5154,"Breezy Point",2146,40.75,-72.25
5164,"Sandy Hook",2147,39.75,-73.75
5163,"Monmouth",2147,39.75,-73.75
4276,"Monmouth Beach",2147,39.75,-73.75
5162,"Loch Arbor and Deal",2147,39.75,-73.75
5161,"Asbury Park",2147,39.75,-73.75
5160,"Ocean Grove",2147,39.75,-73.75
5159,"Bradley Beach",2147,39.75,-73.75
5158,"Avon",2147,39.75,-73.75
5157,"Belmar",2147,39.75,-73.75
5156,"Spring Lake",2147,39.75,-73.75
5155,"Sea Girt",2147,39.75,-73.75
4278,"Manasquan",2147,39.75,-73.75
5183,"Jenkinson's",2147,39.75,-73.75
5182,"Bay Head",2147,39.75,-73.75
6319,"Mantoloking",2147,39.75,-73.75
5181,"Lavallette",2147,39.75,-73.75
5180,"Ortley Beach",2147,39.75,-73.75
4279,"Casino Pier",2147,39.75,-73.75
5179,"Seaside Heights",2147,39.75,-73.75
5178,"Seaside Park",2147,39.75,-73.75
5177,"Island Beach State Park",2147,39.75,-73.75
5176,"Hudson Avenue",2147,39.75,-73.75
4280,"Long Beach Island",2147,39.75,-73.75
5175,"7-11",2147,39.75,-73.75
5174,"Holyoke",2147,39.75,-73.75
5173,"The WoodenJetty",2147,39.75,-73.75
5172,"10th Street North to 14th Street North",2147,39.75,-73.75
5171,"Brigantine Jetty",2147,39.75,-73.75
5170,"Crystals",2147,39.75,-73.75
5169,"States Avenue",2147,39.75,-73.75
5168,"South Carolina Avenue",2147,39.75,-73.75
5167,"Ventnor Pier",2147,39.75,-73.75
5166,"Margate Pier",2147,39.75,-73.75
5165,"32nd Street",2147,39.75,-73.75
4281,"Ocean City, NJ",2147,39.75,-73.75
5575,"North Street to 3rd Street Jetty",2147,39.75,-73.75
5576,"7th Street",2147,39.75,-73.75
5577,"Sumner Avenue",2147,39.75,-73.75
5578,"36th Street to 42nd Street",2147,39.75,-73.75
5579,"26th to 30th Street Pier",2147,39.75,-73.75
5580,"Nun's Beach",2147,39.75,-73.75
5581,"2nd St. to 10th St.",2147,39.75,-73.75
5583,"Trestles/The Rocks",2147,39.75,-73.75
5584,"Poverty Beach",2147,39.75,-73.75
5585,"Queen Street",2147,39.75,-73.75
5586,"Stockton Avenue",2147,39.75,-73.75
5587,"Grant Street Beach",2147,39.75,-73.75
5588,"Broadway Beach",2147,39.75,-73.75
5589,"The Cove",2147,39.75,-73.75
5192,"Naval Jetties",2148,38.5,-74.75
5191,"Gordons Pond",2148,38.5,-74.75
5190,"Dewey Beach",2148,38.5,-74.75
5187,"Indian River Inlet",2148,38.5,-74.75
5189,"Bethany Beach",2148,38.5,-74.75
5188,"Fenwick Island",2148,38.5,-74.75
5186,"North End to Ocean City Inlet",2148,38.5,-74.75
4406,"Ocean City, MD",2148,38.5,-74.75
5185,"Assateague",2148,38.5,-74.75
5212,"Fishermans Island",2149,36.8269,-75.8441
5211,"North End 83rd - 86th St.",2149,36.8269,-75.8441
106919,"North End 42nd - 46th St.",2149,36.8269,-75.8441
5210,"15th Street Pier",2149,36.8269,-75.8441
4407,"1st Street Jetty",2149,36.8269,-75.8441
5208,"Croatan/Pendelton",2149,36.8269,-75.8441
5206,"Camp Pendleton",2149,36.8269,-75.8441
5207,"Sandbridge Beach",2149,36.8269,-75.8441
5242,"Corolla",2150,35.5,-75
5241,"Duck Pier",2150,35.5,-75
106914,"Eckner Street",2150,35.5,-75
5240,"Kitty Hawk Pier",2150,35.5,-75
5239,"Old Station (Laundromats)",2150,35.5,-75
5238,"Avalon Pier",2150,35.5,-75
4408,"Kill Devil Hills",2150,35.5,-75
69923,"Bath House",2150,35.5,-75
5236,"Nags Head",2150,35.5,-75
5237,"First Street",2150,35.5,-75
95460,"Jennette's Pier",2150,35.5,-75
5235,"Pea Island",2150,35.5,-75
5234,"S Turns",2150,35.5,-75
4410,"Rodanthe",2150,35.5,-75
5232,"Waves and Salvo",2150,35.5,-75
5231,"Avon Pier",2150,35.5,-75
5230,"Cape Hatteras Lighthouse",2150,35.5,-75
5229,"Frisco Pier",2150,35.5,-75
5228,"Ocracoke",2150,35.5,-75
5257,"Cape Lookout National Seashore",2151,34,-77.5
5256,"Atlantic Beach",2151,34,-77.5
106923,"Oceanana Pier",2151,34,-77.5
5255,"Iron Steamer",2151,34,-77.5
94737,"Bogue Inlet Pier",2151,34,-77.5
5254,"Emerald Isle",2151,34,-77.5
5253,"Topsail Beach",2151,34,-77.5
5252,"Surf City Pier",2151,34,-77.5
5251,"Figure Eight and Shell Islands",2151,34,-77.5
5250,"C Street",2151,34,-77.5
62371,"Wrightsville Beach",2151,34,-77.5
5249,"Crystal Pier",2151,34,-77.5
5247,"Carolina Beach",2151,34,-77.5
5246,"Kure Beach",2151,34,-77.5
5245,"Fort Fisher",2151,34,-77.5
5243,"Oak Island",2151,34,-77.5
5244,"South Brunswick Beaches",2151,34,-77.5
72312,"Ocean Isle",2151,34,-77.5
5280,"Cherry Grove",2152,32.75,-79.25
5279,"Myrtle Beach",2152,32.75,-79.25
5281,"North End",2152,32.75,-79.25
5283,"South Litchfield",2152,32.75,-79.25
5284,"The Pier",2152,32.75,-79.25
5301,"South Jetty",2152,32.75,-79.25
5285,"The South End",2152,32.75,-79.25
5286,"North Island",2152,32.75,-79.25
5287,"South Island",2152,32.75,-79.25
5288,"Cape Romain",2152,32.75,-79.25
5289,"Bull Island",2152,32.75,-79.25
5277,"Dewees Island",2152,32.75,-79.25
5290,"Wild Dunes",2152,32.75,-79.25
5291,"The Pier/Windjammer",2152,32.75,-79.25
5292,"Bert's Bar",2152,32.75,-79.25
5293,"The Washout",2152,32.75,-79.25
5295,"10th Street",2152,32.75,-79.25
5294,"Folly Beach Pier Southside",2152,32.75,-79.25
4415,"Folly Beach Pier Northside",2152,32.75,-79.25
5296,"Kiawah Island/Seabrook Island",2152,32.75,-79.25
5297,"Edisto Beach",2152,32.75,-79.25
5298,"Hunting Island",2152,32.75,-79.25
5299,"Fripp Island",2152,32.75,-79.25
5300,"Hilton Head Island",2152,32.75,-79.25
5276,"Sugar Shack",3697,31.681,-80.398
5275,"Tybee Island Pier",3697,31.681,-80.398
5274,"18th St. Jetty",3697,31.681,-80.398
5273,"South Tybee Sandbars",3697,31.681,-80.398
5272,"Little Tybee Island",3697,31.681,-80.398
5271,"Wassau Island/North End",3697,31.681,-80.398
5270,"Wassau Island/South End",3697,31.681,-80.398
5269,"Ossabaw Island",3697,31.681,-80.398
5268,"St. Catherine's Island",3697,31.681,-80.398
5267,"Blackbeard Island",3697,31.681,-80.398
5266,"Cabretta Island",3697,31.681,-80.398
5265,"Sapelo Island",3697,31.681,-80.398
5264,"Wolf Island",3697,31.681,-80.398
5263,"Litttle St. Simons Island",3697,31.681,-80.398
5260,"Sea Island",3697,31.681,-80.398
5261,"Harbor Marker Buoys",3697,31.681,-80.398
5262,"St. Simons Island",3697,31.681,-80.398
5259,"Jekyll Island",3697,31.681,-80.398
5258,"Cumberland Island",3697,31.681,-80.398
5323,"Ft. Clinch State Park",2153,29.5,-80.5
5322,"Main Beach",2153,29.5,-80.5
5324,"Amelia Pier",2153,29.5,-80.5
5321,"Talbot Island",2153,29.5,-80.5
5320,"Huguenot Park (North Jetty)",2153,29.5,-80.5
5319,"Blue Roofs",2153,29.5,-80.5
5318,"Mayport Poles",2153,29.5,-80.5
5317,"18th Street",2153,29.5,-80.5
5316,"Atlantic Beach",2153,29.5,-80.5
5315,"Jacksonville Beach Pier",2153,29.5,-80.5
5314,"Sawgrass",2153,29.5,-80.5
5312,"Crossroads",2153,29.5,-80.5
5313,"Gate Station",2153,29.5,-80.5
5311,"Vilano",2153,29.5,-80.5
5310,"Blowholes",2153,29.5,-80.5
5309,"Middles",2153,29.5,-80.5
5308,"Anastasia Park (The Entrance)",2153,29.5,-80.5
90680,"St Augustine Pier",2153,29.5,-80.5
4418,"A-St, St Augustine",2153,29.5,-80.5
5304,"Crescent Beach",2153,29.5,-80.5
61837,"Flagler Beach Pier",2153,29.5,-80.5
5334,"Butteheim Park",2153,29.5,-80.5
5333,"Ormond Beach",2153,29.5,-80.5
5331,"Main Street Pier",2153,29.5,-80.5
5332,"Daytona Beach",2153,29.5,-80.5
58433,"Sunglow Pier North",2153,29.5,-80.5
5330,"Sunglow Pier",2153,29.5,-80.5
5329,"Ponce Inlet",2153,29.5,-80.5
4420,"New Smyrna Beach",2153,29.5,-80.5
5327,"Flagler Avenue",2153,29.5,-80.5
5326,"Bethune Beach",2153,29.5,-80.5
5340,"Playalinda",2154,28.227,-80
5341,"Kennedy Space Center",2154,28.227,-80
5339,"Jetty Park",2154,28.227,-80
4421,"Cocoa Beach Pier",2154,28.227,-80
5344,"Lori Wilson Park",2154,28.227,-80
5359,"The Streets",2154,28.227,-80
5356,"Picnic Tables",2154,28.227,-80
5361,"2nd Light",2154,28.227,-80
5362,"Hangers",2154,28.227,-80
5357,"Perkins",2154,28.227,-80
5358,"RC's",2154,28.227,-80
40569,"Satellite Beach",2154,28.227,-80
5355,"The Radisson",2154,28.227,-80
4422,"Indialantic",2154,28.227,-80
17513,"Melbourne Beach",2154,28.227,-80
5351,"Spessard Holland",2154,28.227,-80
5363,"Bonsteel Park",2154,28.227,-80
5338,"Spanish House",2154,28.227,-80
5336,"Sebastian Inlet",2154,28.227,-80
5346,"Wabasso",2154,28.227,-80
5350,"Vero Pier",2154,28.227,-80
5345,"Riomar",2154,28.227,-80
5347,"P.V. Martin's",2154,28.227,-80
5335,"Ft. Pierce Inlet",2154,28.227,-80
4425,"Jensen Beach",2155,26.75,-79.75
5608,"Stuart Public Beach",2155,26.75,-79.75
5384,"Fletcher's",2155,26.75,-79.75
69865,"Bathtub Beach",2155,26.75,-79.75
5606,"Hobe Sound Public Beach",2155,26.75,-79.75
5382,"Blowing Rocks",2155,26.75,-79.75
5381,"Coral Cove Park",2155,26.75,-79.75
5610,"Jupiter Inlet",2155,26.75,-79.75
5602,"Civic Center",2155,26.75,-79.75
5396,"Corners",2155,26.75,-79.75
5603,"Kite Beach",2155,26.75,-79.75
5611,"Juno Pier",2155,26.75,-79.75
5600,"Ocean Reef Park",2155,26.75,-79.75
5596,"Pumphouse",2155,26.75,-79.75
5398,"Peanut Island",2155,26.75,-79.75
5397,"The Cove",2155,26.75,-79.75
4428,"Reef Road",2155,26.75,-79.75
5597,"Sunrise",2155,26.75,-79.75
5598,"Breakers",2155,26.75,-79.75
5615,"Flagpole",2155,26.75,-79.75
5380,"Palm Beach",2155,26.75,-79.75
5599,"Charlie's Crab",2155,26.75,-79.75
5379,"Hilton Hotel Backyard",2155,26.75,-79.75
5604,"Lake Worth Pier",2155,26.75,-79.75
5378,"Lantana Public Beach",2155,26.75,-79.75
5605,"Boynton Beach Inlet (Southside)",2155,26.75,-79.75
5395,"Boynton Beach Inlet (Northside)",2155,26.75,-79.75
5609,"Blind Creek Park",2155,26.75,-79.75
5364,"Walton Rocks",2155,26.75,-79.75
5376,"Delray Beach",2155,26.75,-79.75
5375,"Atlantic Dunes Park",2155,26.75,-79.75
5399,"Japanese Rock",2155,26.75,-79.75
5394,"Red Reef Park",2155,26.75,-79.75
4431,"Boca Raton Inlet",2155,26.75,-79.75
4432,"Deerfield Beach",2155,26.75,-79.75
5393,"Hillsboro Beach",2155,26.75,-79.75
5391,"Hillsboro Inlet",2155,26.75,-79.75
5372,"2nd Street",2155,26.75,-79.75
5371,"Commercial Pier",2155,26.75,-79.75
5370,"Spoils",2155,26.75,-79.75
5369,"John Lloyd State Park",2155,26.75,-79.75
5367,"Dania Pier",2155,26.75,-79.75
5368,"Franklin Street",2155,26.75,-79.75
5388,"Haulover Inlet (North Jetty)",2155,26.75,-79.75
5365,"30th Street",2155,26.75,-79.75
5387,"21st Street",2155,26.75,-79.75
5386,"5th Street",2155,26.75,-79.75
5366,"South Beach",2155,26.75,-79.75
5389,"Haulover Inlet (South Jetty)",2155,26.75,-79.75
5390,"85th Street",2155,26.75,-79.75
91036,"Honeymoon Island",2156,27.35,-82.75
5436,"880",2156,27.35,-82.75
5437,"Pier 60",2156,27.35,-82.75
5438,"Sand Key",2156,27.35,-82.75
5439,"Belleair",2156,27.35,-82.75
5440,"Indian Rocks Beach",2156,27.35,-82.75
5441,"Redington Breakwater",2156,27.35,-82.75
5442,"Redington Pier",2156,27.35,-82.75
5443,"Middle Jetty",2156,27.35,-82.75
5444,"Sunset Beach",2156,27.35,-82.75
5445,"Upham Beach Park",2156,27.35,-82.75
5446,"Holmes Beach Pier",2156,27.35,-82.75
5447,"Twin Piers",2156,27.35,-82.75
5448,"Coquina Jetties",2156,27.35,-82.75
5449,"Whitney Beach",2156,27.35,-82.75
5451,"Coolidge",2156,27.35,-82.75
5450,"Lido Beach",2156,27.35,-82.75
5452,"Siesta Key",2156,27.35,-82.75
5453,"Stickney Point",2156,27.35,-82.75
5454,"Turtles",2156,27.35,-82.75
5455,"Venice Jetties (North)",2156,27.35,-82.75
5456,"Venice Jetties (South)",2156,27.35,-82.75
5457,"Venice Pier",2156,27.35,-82.75
5460,"Englewood",2156,27.35,-82.75
5461,"Knight's Point",2156,27.35,-82.75
5459,"Gasparilla Point",2156,27.35,-82.75
5462,"Boca Grande",2156,27.35,-82.75
5463,"Redfish Pass",2156,27.35,-82.75
5464,"Tween Waters",2156,27.35,-82.75
5465,"Blind Pass",2156,27.35,-82.75
5466,"The Wall",2156,27.35,-82.75
5467,"Doctor's Pass",2156,27.35,-82.75
5468,"Doctor's Pass (South Jetty)",2156,27.35,-82.75
5469,"Naples Pier",2156,27.35,-82.75
5435,"Bungalows",2172,30.25,-86.5
5434,"First Parking Lot",2172,30.25,-86.5
5433,"Sandy Key",2172,30.25,-86.5
5432,"Johnson's Beach",2172,30.25,-86.5
5431,"Pickens Point",2172,30.25,-86.5
5430,"Pickens Point Dunes",2172,30.25,-86.5
5429,"Slabs",2172,30.25,-86.5
5428,"Pensacola Pier",2172,30.25,-86.5
5426,"Navarre Pier",2172,30.25,-86.5
5425,"Navarre Beach",2172,30.25,-86.5
5424,"Blue Horizon Motel",2172,30.25,-86.5
5423,"Dead Man's",2172,30.25,-86.5
5422,"Okaloosa Pier",2172,30.25,-86.5
5421,"NCO Club",2172,30.25,-86.5
5417,"Jetty East",2172,30.25,-86.5
5418,"HMO's",2172,30.25,-86.5
5419,"Two By Fours",2172,30.25,-86.5
5420,"The Pumphouse",2172,30.25,-86.5
5616,"El Governor",2172,30.25,-86.5
5416,"Old Crystal Pier",2172,30.25,-86.5
5415,"Whale's Tail",2172,30.25,-86.5
5414,"The Back Porch",2172,30.25,-86.5
5618,"Toilet Bowls",2172,30.25,-86.5
5413,"Seascape",2172,30.25,-86.5
5412,"Pompano Joe's",2172,30.25,-86.5
5411,"Blue Mountain Beach",2172,30.25,-86.5
5410,"Grayton Beach",2172,30.25,-86.5
5409,"Bud and Alley's",2172,30.25,-86.5
5408,"Inlet Beach Pier",2172,30.25,-86.5
5405,"Panama City Pier",2172,30.25,-86.5
5407,"Wood pier",2172,30.25,-86.5
4434,"Panama City Beach",2172,30.25,-86.5
5406,"Spinnaker",2172,30.25,-86.5
5404,"St. Andrew's Park",2172,30.25,-86.5
5402,"Shell Island",2172,30.25,-86.5
5401,"D.J.'s",2172,30.25,-86.5
5400,"Mexico Beach",2172,30.25,-86.5
5617,"Cape San Blas",2172,30.25,-86.5
5619,"St. George Island",2172,30.25,-86.5
5620,"Dog Island",2172,30.25,-86.5
5753,"St. Joe's Island",3305,28.15,-96.6
5755,"Horace Caldwell Pier",3305,28.15,-96.6
5754,"Fish Pass",3305,28.15,-96.6
5756,"J.P. Luby Surf Park",3305,28.15,-96.6
5757,"Bob Hall Pier",3305,28.15,-96.6
5773,"Port Mansfield",3307,26.076,-97.156
5772,"Isla Blanca State Park",3307,26.076,-97.156
68425,"South Padre Island",3307,26.076,-97.156
5771,"Boca Chica",3307,26.076,-97.156
10831,"Mana Point",3203,22.312,-159.483
10830,"Polihale",3203,22.312,-159.483
5523,"Ha'Ena Bay (Cannons/Tunnels)",3203,22.312,-159.483
5522,"Hanalei Bay",3203,22.312,-159.483
5524,"Anahola Bay",3203,22.312,-159.483
5527,"Pakala",3237,21.793,-159.587
5526,"Poipu Outer Reef",3237,21.793,-159.587
13826,"Kamalino, Niihau",3237,21.793,-159.587
10832,"Turtle Bay West",2132,21.717,-158.114
59599,"Turtle Bay East",2132,21.717,-158.114
10833,"Velzyland",2132,21.717,-158.114
4746,"Sunset",2132,21.717,-158.114
4748,"Rocky Point",2132,21.717,-158.114
4749,"Gas Chambers",2132,21.717,-158.114
4750,"Pipeline",2132,21.717,-158.114
4751,"Backdoor",2132,21.717,-158.114
4752,"Off-The-Wall",2132,21.717,-158.114
4753,"Rockpile",2132,21.717,-158.114
4754,"Log Cabins",2132,21.717,-158.114
4755,"Waimea Bay",2132,21.717,-158.114
4756,"Chun's",2132,21.717,-158.114
4757,"Jocko's",2132,21.717,-158.114
4758,"Hultin's",2132,21.717,-158.114
4759,"Laniakea",2132,21.717,-158.114
10834,"Haleiwa",2132,21.717,-158.114
49940,"Pua'ena Point",2132,21.717,-158.114
10835,"Mokuleia",2132,21.717,-158.114
5539,"Kaena Point",2132,21.717,-158.114
10844,"Yokohama Bay",2133,21.4864,-158.243
10845,"Makaha",2133,21.4864,-158.243
10846,"Ma'ili",2133,21.4864,-158.243
5529,"Black Point",2134,21.26,-157.88
4760,"Diamond Head",2134,21.26,-157.88
5530,"Publics",2134,21.26,-157.88
5531,"Queen's",2134,21.26,-157.88
55536,"Waikiki Beach",2134,21.26,-157.88
5532,"Canoes",2134,21.26,-157.88
5533,"Populars",2134,21.26,-157.88
5534,"Three's",2134,21.26,-157.88
5535,"Four's",2134,21.26,-157.88
4761,"South Shore",2134,21.26,-157.88
5536,"Kaiser's",2134,21.26,-157.88
5537,"Rockpile",2134,21.26,-157.88
5538,"Ala Moana",2134,21.26,-157.88
28417,"Sand Island",2134,21.26,-157.88
10848,"Ewa Beach",2134,21.26,-157.88
10847,"Barbers Point",2134,21.26,-157.88
10841,"Kahuku",2135,21.399,-157.646
10840,"Crouching Lion",2135,21.399,-157.646
10838,"Popoia Island Kailua",2135,21.399,-157.646
5540,"Makapu'u",2135,21.399,-157.646
10837,"Sandy Beach",2135,21.399,-157.646
10814,"Honolua Bay",8900,21.028,-156.294
10815,"Honokohau Bay",8900,21.028,-156.294
10816,"Kahului Harbor",8900,21.028,-156.294
10813,"Kanaha",8900,21.028,-156.294
10817,"Ho'okipa",8900,21.028,-156.294
10818,"Peahi (Jaws)",8900,21.028,-156.294
108155,"Tavares Bay, Maui",8900,21.028,-156.294
10819,"Honomanu Bay",8900,21.028,-156.294
10820,"Hana Bay",8900,21.028,-156.294
10812,"Rainbows",3238,20.784,-156.671
5528,"Lahaina Harbor - Breakwall",3238,20.784,-156.671
10809,"Olowalu",3238,20.784,-156.671
7443,"Ma'alaea Harbor",3238,20.784,-156.671
10810,"The Cove",3239,20.466,-156.357
5520,"Big Beach - Little Beach",3239,20.466,-156.357
5521,"Dumps",3239,20.466,-156.357
10811,"La Perouse Bay",3239,20.466,-156.357
4763,"Kawaihae",8904,19.5,-156.25
10824,"Hapuna Bay",8904,19.5,-156.25
10823,"Pinetrees",8904,19.5,-156.25
4762,"Banyans",8904,19.5,-156.25
10825,"Magics",8904,19.5,-156.25
13830,"Kahalu'u Bay",8904,19.5,-156.25
13827,"Kolekole",8905,19.75,-154.75
10822,"Honoli'i",8905,19.75,-154.75
13828,"Pohoiki",8905,19.75,-154.75
10826,"South Point",2136,18.75,-155.5
10857,"Manele Bay",10849,20.68,-157
10858,"Lopa Beach",10849,20.68,-157
10859,"Kaiolohia Bay/Shipwreck Beach",10849,20.68,-157
10860,"Pohakuloa",10849,20.68,-157
10851,"Halawa Bay",10850,21.16,-157.4
10854,"Kalaupapa",10850,21.16,-157.4
10853,"Kawa",10850,21.16,-157.4
10855,"Kepuhi Bay",10850,21.16,-157.4
10856,"Halena Beach",10850,21.16,-157.4
10852,"Kaunakakai (The Wharf)",10850,21.16,-157.4
58604,"San Antonio Del Mar - 1",2158,31.866,-116.812
14160,"Baja Malibu",2158,31.866,-116.812
58605,"Marisol North Point",2158,31.866,-116.812
58606,"Marisol",2158,31.866,-116.812
6090,"Rosarito Beach",2158,31.866,-116.812
58607,"Renes",2158,31.866,-116.812
58777,"Alfonsos",2158,31.866,-116.812
58778,"Popotia",2158,31.866,-116.812
58779,"Calafia",2158,31.866,-116.812
58781,"El Morro Point (K37.5)",2158,31.866,-116.812
58782,"K-38",2158,31.866,-116.812
58783,"K-40",2158,31.866,-116.812
58784,"Rancho Santini",2158,31.866,-116.812
58785,"Las Gaviotas",2158,31.866,-116.812
58787,"Primo Tapia",2158,31.866,-116.812
58788,"Rauls",2158,31.866,-116.812
58789,"Cantamar Settlement",2158,31.866,-116.812
58790,"Dunes",2158,31.866,-116.812
58791,"Halfway House",2158,31.866,-116.812
58792,"Campo Lopez (K-55)",2158,31.866,-116.812
58794,"K-55 1/2",2158,31.866,-116.812
58795,"Alisitos",2158,31.866,-116.812
58796,"La Fonda",2158,31.866,-116.812
58797,"La Mision",2158,31.866,-116.812
58798,"La Salina",2158,31.866,-116.812
58800,"El Paso",2158,31.866,-116.812
58801,"Mirador Viewpoint",2158,31.866,-116.812
6089,"Salsipuedes",2158,31.866,-116.812
6088,"San Miguel",2158,31.866,-116.812
58836,"3Ms",2158,31.866,-116.812
6087,"Todos Santos / Killers",2158,31.866,-116.812
58838,"Cannery Stacks",2158,31.866,-116.812
58839,"California Trailer Park",2158,31.866,-116.812
58840,"Ensenada Beaches",2158,31.866,-116.812
58842,"Boca De Santo Tomas",2158,31.866,-116.812
58844,"Lighthouse (Punta San Jose)",2158,31.866,-116.812
58845,"Punta Cabras",2158,31.866,-116.812
58847,"K-181",2158,31.866,-116.812
58849,"San Antonio Del Mar - 2",2158,31.866,-116.812
58850,"Cabo Colonet",2158,31.866,-116.812
6920,"Bamburgh",5855,56.072,-0.681
50526,"Beadnell Bay",5855,56.072,-0.681
6919,"Embleton Bay",5855,56.072,-0.681
6918,"Alnmouth",5855,56.072,-0.681
50527,"Blyth Beach",5855,56.072,-0.681
50528,"Whitley Bay",5855,56.072,-0.681
50529,"Tynemouth - Longsands",5855,56.072,-0.681
50530,"South Shields",5855,56.072,-0.681
50531,"Seaton Carew",5855,56.072,-0.681
50533,"Redcar",5855,56.072,-0.681
6915,"Saltburn",5855,56.072,-0.681
6917,"Sandsend",5855,56.072,-0.681
50534,"Whitby Beach",5855,56.072,-0.681
6921,"Lynmouth",2170,50.25,-5.5
50731,"Coombesgate",2170,50.25,-5.5
50732,"Woolacombe Bay",2170,50.25,-5.5
6922,"Putsborough",2170,50.25,-5.5
13429,"Saunton",2170,50.25,-5.5
6923,"Croyde",2170,50.25,-5.5
50766,"Westward Ho",2170,50.25,-5.5
50767,"Sandymouth",2170,50.25,-5.5
6924,"Bude",2170,50.25,-5.5
50861,"Widemouth Bay",2170,50.25,-5.5
50862,"Crackington Haven",2170,50.25,-5.5
50863,"Trebarwith Strand",2170,50.25,-5.5
50864,"Polzeath",2170,50.25,-5.5
50865,"Trevone",2170,50.25,-5.5
50866,"Harlyn",2170,50.25,-5.5
50867,"Constantine",2170,50.25,-5.5
50868,"Treyarnon",2170,50.25,-5.5
50870,"Mawgan Porth",2170,50.25,-5.5
6925,"Watergate Bay",2170,50.25,-5.5
50871,"Whipsiderry",2170,50.25,-5.5
50872,"Porth",2170,50.25,-5.5
50873,"Lusty Gaze",2170,50.25,-5.5
50876,"Cribbar",2170,50.25,-5.5
6926,"Fistral Beach",2170,50.25,-5.5
50912,"Crantock",2170,50.25,-5.5
50914,"Holywell Bay",2170,50.25,-5.5
50916,"Perran Sands",2170,50.25,-5.5
6907,"Perranporth",2170,50.25,-5.5
6908,"Trevaunance Cove",2170,50.25,-5.5
50917,"Chaple Porth",2170,50.25,-5.5
6909,"Porthtowan",2170,50.25,-5.5
50918,"Portreath",2170,50.25,-5.5
6910,"Godrevy",2170,50.25,-5.5
6911,"Porthmeor",2170,50.25,-5.5
50919,"Gwenvor",2170,50.25,-5.5
6912,"Sennen",2170,50.25,-5.5
6913,"Praa Sands",2170,50.25,-5.5
6914,"Porthleven, Cornwall",2170,50.25,-5.5
50920,"Swanpool",2170,50.25,-5.5
50921,"Falmouth",2170,50.25,-5.5
50962,"Wembury",2170,50.25,-5.5
50963,"Challaborough",2170,50.25,-5.5
50964,"Bantham",2170,50.25,-5.5
21417,"Kimmeridge Bay",2170,50.25,-5.5
25578,"Whitsand Bay",2170,50.25,-5.5
6947,"Hells Mouth",6931,51,-6
6948,"Freshwater West",6931,51,-6
6949,"Llangennith",6931,51,-6
6950,"Langland Bay",6931,51,-6
6946,"Aberavon",6931,51,-6
49632,"Anse du Brick",49443,49,-4
49633,"Collignon",49443,49,-4
49634,"Biville",49443,49,-4
49635,"Siouville",49443,49,-4
49636,"Dielette",49443,49,-4
49637,"Sciotot",49443,49,-4
49638,"Le Rozel",49443,49,-4
49640,"Baubigny",49443,49,-4
49641,"Le Sillon",49443,49,-4
49649,"Trestraou",49443,49,-4
49650,"Locquirec",49443,49,-4
49651,"Dossen",49443,49,-4
49652,"La Mauvaise Greve",49443,49,-4
49653,"Kerlouan",49443,49,-4
49654,"Penfoul",49443,49,-4
49655,"Le Gouerou",49443,49,-4
49656,"Les Blancs Sablons",49443,49,-4
26881,"Ricks Reef",26880,13.686,144.772
26882,"Right Side and Left Side",26880,13.686,144.772
26883,"Point Perfection",26880,13.686,144.772
26884,"Threes and Red Buoy",26880,13.686,144.772
26885,"Ylig",26880,13.686,144.772
